Plate,Repeat,Well,Type,Time,Absorbance @ 405 (0.1s) (A),Label,NEW A,Time,,,,,,,,,,,,,,,,,,,,,
1,1,A01,M,00:00:20.26,0.267,0,0.000,00:00:20.26,,,,,,,,,,,,,,,,,,,,,
1,1,A02,M,00:00:21.16,0.261,0,0.000,00:00:21.16,,,,,,,,,,,,,,,,,,,,,
1,1,A03,M,00:00:22.04,0.253,0,0.000,00:00:22.04,,,,,,,,,,,,,,,,,,,,,
1,1,A04,M,00:00:22.93,0.691,8,0.431,00:00:22.93,,,,,,,,,,,,,,,,,,,,,
1,1,A05,M,00:00:23.82,0.601,8,0.341,00:00:23.82,,,,,,,,,,,,,,,,,,,,AVERAGE,0.260333333
1,1,A06,M,00:00:24.71,0.575,8,0.315,00:00:24.71,,,,,,,,,,,,,,,,,,,,Y,0.0469X-0.0093
1,1,A07,M,00:00:25.60,0.952,16,0.692,00:00:25.60,,,,,,,,,,,,,,,,,,,,deltaOD,00:54:34.71
1,1,A08,M,00:00:26.49,1.015,16,0.755,00:00:26.49,,,,,,,,,,,,,,,,,,,,,
1,1,A09,M,00:00:27.38,0.993,16,0.732,00:00:27.38,,,,,,,,,,,,,,,,,,,,,
1,1,A10,M,00:00:28.27,1.401,24,1.141,00:00:28.27,,,,,,,,,,,,,,,,,,,,,
1,1,A11,M,00:00:29.16,1.345,24,1.085,00:00:29.16,,,,,,,,,,,,,,,,,,,,,
1,1,A12,M,00:00:30.04,1.396,24,1.136,00:00:30.04,,,,,,,,,,,,,,,,,,,,,
1,1,B01,M,00:00:33.38,1.807,32,1.547,00:00:33.38,,,,,,,,,,,,,,,,,,,,,
1,1,B02,M,00:00:34.27,1.714,32,1.454,00:00:34.27,,,,,,,,,,,,,,,,,,,,,
1,1,B03,M,00:00:35.16,1.010,32,0.750,00:00:35.16,,,,,,,,,,,,,,,,,,,,,
1,1,B04,M,00:00:36.04,1.235,40,0.975,00:00:36.04,,,,,,,,,,,,,,,,,,,,,
1,1,B05,M,00:00:36.93,1.264,40,1.004,00:00:36.93,,,,,,,,,,,,,,,,,,,,,
1,1,B06,M,00:00:37.82,1.249,40,0.989,00:00:37.82,,,,,,,,,,,,,,,,,,,,,
1,1,B07,M,00:00:38.71,0.229,pos,-0.031,00:00:38.71,,,,,,,,,,,,,,,,,,,,,
1,1,B08,M,00:00:39.60,0.165,pos,-0.095,00:00:39.60,,,,,,,,,,,,,,,,,,,,,
1,1,B09,M,00:00:40.49,0.170,pos,-0.091,00:00:40.49,,,,,,,,,,,,,,,,,,,,,
1,1,B10,M,00:00:41.38,0.361,R41,0.101,00:00:41.38,,,,,,,,,,,,,,,,,,,,,
1,1,B11,M,00:00:42.27,0.355,R41,0.094,00:00:42.27,,,,,,,,,,,,,,,,,,,,,
1,1,B12,M,00:00:43.16,0.361,R41,0.101,00:00:43.16,,,,,,,,,,,,,,,,,,,,,
1,1,C01,M,00:00:46.49,0.430,R41,0.170,00:00:46.49,,,,,,,,,,,,,,,,,,,,,
1,1,C02,M,00:00:47.38,0.425,R41,0.165,00:00:47.38,,,,,,,,,,,,,,,,,,,,,
1,1,C03,M,00:00:48.27,0.245,M44,-0.015,00:00:48.27,,,,,,,,,,,,,,,,,,,,,
1,1,C04,M,00:00:49.15,0.262,M44,0.002,00:00:49.15,,,,,,,,,,,,,,,,,,,,,
1,1,C05,M,00:00:50.04,0.240,M44,-0.020,00:00:50.04,,,,,,,,,,,,,,,,,,,,,
1,1,C06,M,00:00:50.93,0.298,M44,0.038,00:00:50.93,,,,,,,,,,,,,,,,,,,,,
1,1,C07,M,00:00:51.82,0.297,M44,0.036,00:00:51.82,,,,,,,,,,,,,,,,,,,,,
1,1,C08,M,00:00:52.71,0.442,R43,0.182,00:00:52.71,,,,,,,,,,,,,,,,,,,,,
1,1,C09,M,00:00:53.60,0.333,R43,0.073,00:00:53.60,,,,,,,,,,,,,,,,,,,,,
1,1,C10,M,00:00:54.49,0.376,R43,0.115,00:00:54.49,,,,,,,,,,,,,,,,,,,,,
1,1,C11,M,00:00:55.38,0.342,R43,0.082,00:00:55.38,,,,,,,,,,,,,,,,,,,,,
1,1,C12,M,00:00:56.27,0.336,R43,0.075,00:00:56.27,,,,,,,,,,,,,,,,,,,,,
1,1,D01,M,00:00:59.60,0.155,BACK,-0.106,00:00:59.60,,,,,,,,,,,,,,,,,,,,,
1,1,D02,M,00:01:00.49,0.133,BACK,-0.127,00:01:00.49,,,,,,,,,,,,,,,,,,,,,
1,1,D03,M,00:01:01.38,0.139,BACK,-0.122,00:01:01.38,,,,,,,,,,,,,,,,,,,,,
1,2,A01,M,00:04:09.75,0.263,,0.003,00:04:09.75,,,,,,,,,,,,,,,,,,,,,
1,2,A02,M,00:04:10.65,0.255,,-0.005,00:04:10.65,,,,,,,,,,,,,,,,,,,,,
1,2,A03,M,00:04:11.54,0.250,,-0.011,00:04:11.54,,,,,,,,,,,,,,,,,,,,,
1,2,A04,M,00:04:12.43,0.697,,0.437,00:04:12.43,,,,,,,,,,,,,,,,,,,,,
1,2,A05,M,00:04:13.32,0.612,,0.352,00:04:13.32,,,,,,,,,,,,,,,,,,,,,
1,2,A06,M,00:04:14.21,0.591,,0.331,00:04:14.21,,,,,,,,,,,,,,,,,,,,,
1,2,A07,M,00:04:15.10,0.963,,0.703,00:04:15.10,,,,,,,,,,,,,,,,,,,,,
1,2,A08,M,00:04:15.98,1.041,,0.781,00:04:15.98,,,,,,,,,,,,,,,,,,,,,
1,2,A09,M,00:04:16.87,1.013,,0.752,00:04:16.87,,,,,,,,,,,,,,,,,,,,,
1,2,A10,M,00:04:17.76,1.435,,1.175,00:04:17.76,,,,,,,,,,,,,,,,,,,,,
1,2,A11,M,00:04:18.65,1.331,,1.071,00:04:18.65,,,,,,,,,,,,,,,,,,,,,
1,2,A12,M,00:04:19.54,1.383,,1.123,00:04:19.54,,,,,,,,,,,,,,,,,,,,,
1,2,B01,M,00:04:22.88,1.828,,1.568,00:04:22.88,,,,,,,,,,,,,,,,,,,,,
1,2,B02,M,00:04:23.76,1.743,,1.483,00:04:23.76,,,,,,,,,,,,,,,,,,,,,
1,2,B03,M,00:04:24.65,1.008,,0.748,00:04:24.65,,,,,,,,,,,,,,,,,,,,,
1,2,B04,M,00:04:25.54,1.224,,0.963,00:04:25.54,,,,,,,,,,,,,,,,,,,,,
1,2,B05,M,00:04:26.43,1.247,,0.987,00:04:26.43,,,,,,,,,,,,,,,,,,,,,
1,2,B06,M,00:04:27.32,1.239,,0.978,00:04:27.32,,,,,,,,,,,,,,,,,,,,,
1,2,B07,M,00:04:28.21,0.236,,-0.024,00:04:28.21,,,,,,,,,,,,,,,,,,,,,
1,2,B08,M,00:04:29.10,0.169,,-0.091,00:04:29.10,,,,,,,,,,,,,,,,,,,,,
1,2,B09,M,00:04:29.98,0.175,,-0.085,00:04:29.98,,,,,,,,,,,,,,,,,,,,,
1,2,B10,M,00:04:30.87,0.372,,0.112,00:04:30.87,,,,,,,,,,,,,,,,,,,,,
1,2,B11,M,00:04:31.76,0.363,,0.103,00:04:31.76,,,,,,,,,,,,,,,,,,,,,
1,2,B12,M,00:04:32.65,0.367,,0.107,00:04:32.65,,,,,,,,,,,,,,,,,,,,,
1,2,C01,M,00:04:35.99,0.448,,0.187,00:04:35.99,,,,,,,,,,,,,,,,,,,,,
1,2,C02,M,00:04:36.87,0.442,,0.182,00:04:36.87,,,,,,,,,,,,,,,,,,,,,
1,2,C03,M,00:04:37.76,0.252,,-0.009,00:04:37.76,,,,,,,,,,,,,,,,,,,,,
1,2,C04,M,00:04:38.65,0.269,,0.009,00:04:38.65,,,,,,,,,,,,,,,,,,,,,
1,2,C05,M,00:04:39.54,0.246,,-0.014,00:04:39.54,,,,,,,,,,,,,,,,,,,,,
1,2,C06,M,00:04:40.43,0.308,,0.047,00:04:40.43,,,,,,,,,,,,,,,,,,,,,
1,2,C07,M,00:04:41.32,0.308,,0.047,00:04:41.32,,,,,,,,,,,,,,,,,,,,,
1,2,C08,M,00:04:42.21,0.454,,0.193,00:04:42.21,,,,,,,,,,,,,,,,,,,,,
1,2,C09,M,00:04:43.10,0.345,,0.084,00:04:43.10,,,,,,,,,,,,,,,,,,,,,
1,2,C10,M,00:04:43.98,0.390,,0.130,00:04:43.98,,,,,,,,,,,,,,,,,,,,,
1,2,C11,M,00:04:44.87,0.351,,0.091,00:04:44.87,,,,,,,,,,,,,,,,,,,,,
1,2,C12,M,00:04:45.76,0.343,,0.083,00:04:45.76,,,,,,,,,,,,,,,,,,,,,
1,2,D01,M,00:04:49.10,0.157,,-0.103,00:04:49.10,,,,,,,,,,,,,,,,,,,,,
1,2,D02,M,00:04:49.98,0.131,,-0.129,00:04:49.98,,,,,,,,,,,,,,,,,,,,,
1,2,D03,M,00:04:50.87,0.136,,-0.125,00:04:50.87,,,,,,,,,,,,,,,,,,,,,
1,3,A01,M,00:07:59.31,0.258,,-0.002,00:07:59.31,,,,,,,,,,,,,,,,,,,,,
1,3,A02,M,00:08:00.20,0.255,,-0.005,00:08:00.20,,,,,,,,,,,,,,,,,,,,,
1,3,A03,M,00:08:01.09,0.250,,-0.010,00:08:01.09,,,,,,,,,,,,,,,,,,,,,
1,3,A04,M,00:08:01.98,0.700,,0.439,00:08:01.98,,,,,,,,,,,,,,,,,,,,,
1,3,A05,M,00:08:02.87,0.613,,0.353,00:08:02.87,,,,,,,,,,,,,,,,,,,,,
1,3,A06,M,00:08:03.76,0.594,,0.334,00:08:03.76,,,,,,,,,,,,,,,,,,,,,
1,3,A07,M,00:08:04.65,0.957,,0.696,00:08:04.65,,,,,,,,,,,,,,,,,,,,,
1,3,A08,M,00:08:05.54,1.034,,0.773,00:08:05.54,,,,,,,,,,,,,,,,,,,,,
1,3,A09,M,00:08:06.43,1.006,,0.745,00:08:06.43,,,,,,,,,,,,,,,,,,,,,
1,3,A10,M,00:08:07.31,1.428,,1.167,00:08:07.31,,,,,,,,,,,,,,,,,,,,,
1,3,A11,M,00:08:08.20,1.323,,1.062,00:08:08.20,,,,,,,,,,,,,,,,,,,,,
1,3,A12,M,00:08:09.09,1.373,,1.112,00:08:09.09,,,,,,,,,,,,,,,,,,,,,
1,3,B01,M,00:08:12.43,1.824,,1.564,00:08:12.43,,,,,,,,,,,,,,,,,,,,,
1,3,B02,M,00:08:13.31,1.740,,1.479,00:08:13.31,,,,,,,,,,,,,,,,,,,,,
1,3,B03,M,00:08:14.20,1.005,,0.745,00:08:14.20,,,,,,,,,,,,,,,,,,,,,
1,3,B04,M,00:08:15.09,1.214,,0.954,00:08:15.09,,,,,,,,,,,,,,,,,,,,,
1,3,B05,M,00:08:15.98,1.245,,0.984,00:08:15.98,,,,,,,,,,,,,,,,,,,,,
1,3,B06,M,00:08:16.87,1.229,,0.968,00:08:16.87,,,,,,,,,,,,,,,,,,,,,
1,3,B07,M,00:08:17.76,0.245,,-0.015,00:08:17.76,,,,,,,,,,,,,,,,,,,,,
1,3,B08,M,00:08:18.65,0.176,,-0.085,00:08:18.65,,,,,,,,,,,,,,,,,,,,,
1,3,B09,M,00:08:19.54,0.183,,-0.078,00:08:19.54,,,,,,,,,,,,,,,,,,,,,
1,3,B10,M,00:08:20.43,0.384,,0.123,00:08:20.43,,,,,,,,,,,,,,,,,,,,,
1,3,B11,M,00:08:21.31,0.375,,0.114,00:08:21.31,,,,,,,,,,,,,,,,,,,,,
1,3,B12,M,00:08:22.20,0.379,,0.119,00:08:22.20,,,,,,,,,,,,,,,,,,,,,
1,3,C01,M,00:08:25.54,0.468,,0.208,00:08:25.54,,,,,,,,,,,,,,,,,,,,,
1,3,C02,M,00:08:26.43,0.461,,0.201,00:08:26.43,,,,,,,,,,,,,,,,,,,,,
1,3,C03,M,00:08:27.31,0.261,,0.001,00:08:27.31,,,,,,,,,,,,,,,,,,,,,
1,3,C04,M,00:08:28.20,0.279,,0.019,00:08:28.20,,,,,,,,,,,,,,,,,,,,,
1,3,C05,M,00:08:29.09,0.255,,-0.005,00:08:29.09,,,,,,,,,,,,,,,,,,,,,
1,3,C06,M,00:08:29.98,0.319,,0.059,00:08:29.98,,,,,,,,,,,,,,,,,,,,,
1,3,C07,M,00:08:30.87,0.319,,0.059,00:08:30.87,,,,,,,,,,,,,,,,,,,,,
1,3,C08,M,00:08:31.76,0.469,,0.208,00:08:31.76,,,,,,,,,,,,,,,,,,,,,
1,3,C09,M,00:08:32.65,0.354,,0.094,00:08:32.65,,,,,,,,,,,,,,,,,,,,,
1,3,C10,M,00:08:33.54,0.405,,0.144,00:08:33.54,,,,,,,,,,,,,,,,,,,,,
1,3,C11,M,00:08:34.43,0.363,,0.102,00:08:34.43,,,,,,,,,,,,,,,,,,,,,
1,3,C12,M,00:08:35.31,0.354,,0.094,00:08:35.31,,,,,,,,,,,,,,,,,,,,,
1,3,D01,M,00:08:38.65,0.153,,-0.107,00:08:38.65,,,,,,,,,,,,,,,,,,,,,
1,3,D02,M,00:08:39.54,0.132,,-0.129,00:08:39.54,,,,,,,,,,,,,,,,,,,,,
1,3,D03,M,00:08:40.43,0.136,,-0.124,00:08:40.43,,,,,,,,,,,,,,,,,,,,,
1,4,A01,M,00:11:48.86,0.255,,-0.005,00:11:48.86,,,,,,,,,,,,,,,,,,,,,
1,4,A02,M,00:11:49.76,0.255,,-0.005,00:11:49.76,,,,,,,,,,,,,,,,,,,,,
1,4,A03,M,00:11:50.64,0.250,,-0.010,00:11:50.64,,,,,,,,,,,,,,,,,,,,,
1,4,A04,M,00:11:51.53,0.698,,0.437,00:11:51.53,,,,,,,,,,,,,,,,,,,,,
1,4,A05,M,00:11:52.42,0.610,,0.350,00:11:52.42,,,,,,,,,,,,,,,,,,,,,
1,4,A06,M,00:11:53.31,0.590,,0.330,00:11:53.31,,,,,,,,,,,,,,,,,,,,,
1,4,A07,M,00:11:54.20,0.950,,0.689,00:11:54.20,,,,,,,,,,,,,,,,,,,,,
1,4,A08,M,00:11:55.09,1.028,,0.767,00:11:55.09,,,,,,,,,,,,,,,,,,,,,
1,4,A09,M,00:11:55.98,0.998,,0.738,00:11:55.98,,,,,,,,,,,,,,,,,,,,,
1,4,A10,M,00:11:56.87,1.418,,1.157,00:11:56.87,,,,,,,,,,,,,,,,,,,,,
1,4,A11,M,00:11:57.76,1.315,,1.055,00:11:57.76,,,,,,,,,,,,,,,,,,,,,
1,4,A12,M,00:11:58.64,1.364,,1.104,00:11:58.64,,,,,,,,,,,,,,,,,,,,,
1,4,B01,M,00:12:01.98,1.814,,1.554,00:12:01.98,,,,,,,,,,,,,,,,,,,,,
1,4,B02,M,00:12:02.87,1.736,,1.475,00:12:02.87,,,,,,,,,,,,,,,,,,,,,
1,4,B03,M,00:12:03.75,0.999,,0.739,00:12:03.75,,,,,,,,,,,,,,,,,,,,,
1,4,B04,M,00:12:04.64,1.206,,0.945,00:12:04.64,,,,,,,,,,,,,,,,,,,,,
1,4,B05,M,00:12:05.53,1.236,,0.976,00:12:05.53,,,,,,,,,,,,,,,,,,,,,
1,4,B06,M,00:12:06.42,1.219,,0.959,00:12:06.42,,,,,,,,,,,,,,,,,,,,,
1,4,B07,M,00:12:07.31,0.255,,-0.005,00:12:07.31,,,,,,,,,,,,,,,,,,,,,
1,4,B08,M,00:12:08.20,0.182,,-0.078,00:12:08.20,,,,,,,,,,,,,,,,,,,,,
1,4,B09,M,00:12:09.09,0.190,,-0.070,00:12:09.09,,,,,,,,,,,,,,,,,,,,,
1,4,B10,M,00:12:09.98,0.394,,0.134,00:12:09.98,,,,,,,,,,,,,,,,,,,,,
1,4,B11,M,00:12:10.87,0.386,,0.126,00:12:10.87,,,,,,,,,,,,,,,,,,,,,
1,4,B12,M,00:12:11.76,0.389,,0.129,00:12:11.76,,,,,,,,,,,,,,,,,,,,,
1,4,C01,M,00:12:15.09,0.488,,0.227,00:12:15.09,,,,,,,,,,,,,,,,,,,,,
1,4,C02,M,00:12:15.98,0.478,,0.218,00:12:15.98,,,,,,,,,,,,,,,,,,,,,
1,4,C03,M,00:12:16.87,0.270,,0.010,00:12:16.87,,,,,,,,,,,,,,,,,,,,,
1,4,C04,M,00:12:17.75,0.289,,0.028,00:12:17.75,,,,,,,,,,,,,,,,,,,,,
1,4,C05,M,00:12:18.64,0.263,,0.003,00:12:18.64,,,,,,,,,,,,,,,,,,,,,
1,4,C06,M,00:12:19.53,0.330,,0.070,00:12:19.53,,,,,,,,,,,,,,,,,,,,,
1,4,C07,M,00:12:20.42,0.330,,0.070,00:12:20.42,,,,,,,,,,,,,,,,,,,,,
1,4,C08,M,00:12:21.31,0.484,,0.223,00:12:21.31,,,,,,,,,,,,,,,,,,,,,
1,4,C09,M,00:12:22.20,0.360,,0.100,00:12:22.20,,,,,,,,,,,,,,,,,,,,,
1,4,C10,M,00:12:23.09,0.410,,0.150,00:12:23.09,,,,,,,,,,,,,,,,,,,,,
1,4,C11,M,00:12:23.98,0.373,,0.112,00:12:23.98,,,,,,,,,,,,,,,,,,,,,
1,4,C12,M,00:12:24.87,0.363,,0.102,00:12:24.87,,,,,,,,,,,,,,,,,,,,,
1,4,D01,M,00:12:28.20,0.154,,-0.106,00:12:28.20,,,,,,,,,,,,,,,,,,,,,
1,4,D02,M,00:12:29.09,0.132,,-0.128,00:12:29.09,,,,,,,,,,,,,,,,,,,,,
1,4,D03,M,00:12:29.98,0.137,,-0.124,00:12:29.98,,,,,,,,,,,,,,,,,,,,,
1,5,A01,M,00:15:38.41,0.255,,-0.005,00:15:38.41,,,,,,,,,,,,,,,,,,,,,
1,5,A02,M,00:15:39.31,0.255,,-0.005,00:15:39.31,,,,,,,,,,,,,,,,,,,,,
1,5,A03,M,00:15:40.20,0.250,,-0.010,00:15:40.20,,,,,,,,,,,,,,,,,,,,,
1,5,A04,M,00:15:41.08,0.693,,0.433,00:15:41.08,,,,,,,,,,,,,,,,,,,,,
1,5,A05,M,00:15:41.97,0.606,,0.346,00:15:41.97,,,,,,,,,,,,,,,,,,,,,
1,5,A06,M,00:15:42.86,0.586,,0.326,00:15:42.86,,,,,,,,,,,,,,,,,,,,,
1,5,A07,M,00:15:43.75,0.943,,0.683,00:15:43.75,,,,,,,,,,,,,,,,,,,,,
1,5,A08,M,00:15:44.64,1.020,,0.760,00:15:44.64,,,,,,,,,,,,,,,,,,,,,
1,5,A09,M,00:15:45.53,0.991,,0.731,00:15:45.53,,,,,,,,,,,,,,,,,,,,,
1,5,A10,M,00:15:46.42,1.410,,1.149,00:15:46.42,,,,,,,,,,,,,,,,,,,,,
1,5,A11,M,00:15:47.31,1.309,,1.049,00:15:47.31,,,,,,,,,,,,,,,,,,,,,
1,5,A12,M,00:15:48.20,1.357,,1.097,00:15:48.20,,,,,,,,,,,,,,,,,,,,,
1,5,B01,M,00:15:51.53,1.809,,1.549,00:15:51.53,,,,,,,,,,,,,,,,,,,,,
1,5,B02,M,00:15:52.42,1.725,,1.465,00:15:52.42,,,,,,,,,,,,,,,,,,,,,
1,5,B03,M,00:15:53.31,0.994,,0.734,00:15:53.31,,,,,,,,,,,,,,,,,,,,,
1,5,B04,M,00:15:54.20,1.197,,0.937,00:15:54.20,,,,,,,,,,,,,,,,,,,,,
1,5,B05,M,00:15:55.08,1.228,,0.967,00:15:55.08,,,,,,,,,,,,,,,,,,,,,
1,5,B06,M,00:15:55.97,1.209,,0.949,00:15:55.97,,,,,,,,,,,,,,,,,,,,,
1,5,B07,M,00:15:56.86,0.265,,0.005,00:15:56.86,,,,,,,,,,,,,,,,,,,,,
1,5,B08,M,00:15:57.75,0.189,,-0.071,00:15:57.75,,,,,,,,,,,,,,,,,,,,,
1,5,B09,M,00:15:58.64,0.198,,-0.063,00:15:58.64,,,,,,,,,,,,,,,,,,,,,
1,5,B10,M,00:15:59.53,0.403,,0.143,00:15:59.53,,,,,,,,,,,,,,,,,,,,,
1,5,B11,M,00:16:00.42,0.394,,0.134,00:16:00.42,,,,,,,,,,,,,,,,,,,,,
1,5,B12,M,00:16:01.31,0.398,,0.138,00:16:01.31,,,,,,,,,,,,,,,,,,,,,
1,5,C01,M,00:16:04.64,0.503,,0.242,00:16:04.64,,,,,,,,,,,,,,,,,,,,,
1,5,C02,M,00:16:05.53,0.493,,0.233,00:16:05.53,,,,,,,,,,,,,,,,,,,,,
1,5,C03,M,00:16:06.42,0.278,,0.018,00:16:06.42,,,,,,,,,,,,,,,,,,,,,
1,5,C04,M,00:16:07.31,0.298,,0.038,00:16:07.31,,,,,,,,,,,,,,,,,,,,,
1,5,C05,M,00:16:08.20,0.270,,0.010,00:16:08.20,,,,,,,,,,,,,,,,,,,,,
1,5,C06,M,00:16:09.08,0.340,,0.080,00:16:09.08,,,,,,,,,,,,,,,,,,,,,
1,5,C07,M,00:16:09.97,0.341,,0.080,00:16:09.97,,,,,,,,,,,,,,,,,,,,,
1,5,C08,M,00:16:10.86,0.498,,0.238,00:16:10.86,,,,,,,,,,,,,,,,,,,,,
1,5,C09,M,00:16:11.75,0.369,,0.109,00:16:11.75,,,,,,,,,,,,,,,,,,,,,
1,5,C10,M,00:16:12.64,0.415,,0.155,00:16:12.64,,,,,,,,,,,,,,,,,,,,,
1,5,C11,M,00:16:13.53,0.382,,0.121,00:16:13.53,,,,,,,,,,,,,,,,,,,,,
1,5,C12,M,00:16:14.42,0.372,,0.112,00:16:14.42,,,,,,,,,,,,,,,,,,,,,
1,5,D01,M,00:16:17.75,0.154,,-0.106,00:16:17.75,,,,,,,,,,,,,,,,,,,,,
1,5,D02,M,00:16:18.64,0.132,,-0.129,00:16:18.64,,,,,,,,,,,,,,,,,,,,,
1,5,D03,M,00:16:19.53,0.136,,-0.124,00:16:19.53,,,,,,,,,,,,,,,,,,,,,
1,6,A01,M,00:19:27.96,0.255,,-0.005,00:19:27.96,,,,,,,,,,,,,,,,,,,,,
1,6,A02,M,00:19:28.86,0.255,,-0.005,00:19:28.86,,,,,,,,,,,,,,,,,,,,,
1,6,A03,M,00:19:29.75,0.251,,-0.010,00:19:29.75,,,,,,,,,,,,,,,,,,,,,
1,6,A04,M,00:19:30.64,0.688,,0.428,00:19:30.64,,,,,,,,,,,,,,,,,,,,,
1,6,A05,M,00:19:31.53,0.602,,0.342,00:19:31.53,,,,,,,,,,,,,,,,,,,,,
1,6,A06,M,00:19:32.41,0.582,,0.322,00:19:32.41,,,,,,,,,,,,,,,,,,,,,
1,6,A07,M,00:19:33.30,0.936,,0.676,00:19:33.30,,,,,,,,,,,,,,,,,,,,,
1,6,A08,M,00:19:34.19,1.013,,0.752,00:19:34.19,,,,,,,,,,,,,,,,,,,,,
1,6,A09,M,00:19:35.08,0.983,,0.723,00:19:35.08,,,,,,,,,,,,,,,,,,,,,
1,6,A10,M,00:19:35.97,1.398,,1.138,00:19:35.97,,,,,,,,,,,,,,,,,,,,,
1,6,A11,M,00:19:36.86,1.300,,1.039,00:19:36.86,,,,,,,,,,,,,,,,,,,,,
1,6,A12,M,00:19:37.75,1.346,,1.086,00:19:37.75,,,,,,,,,,,,,,,,,,,,,
1,6,B01,M,00:19:41.08,1.797,,1.537,00:19:41.08,,,,,,,,,,,,,,,,,,,,,
1,6,B02,M,00:19:41.97,1.715,,1.455,00:19:41.97,,,,,,,,,,,,,,,,,,,,,
1,6,B03,M,00:19:42.86,0.986,,0.725,00:19:42.86,,,,,,,,,,,,,,,,,,,,,
1,6,B04,M,00:19:43.75,1.186,,0.926,00:19:43.75,,,,,,,,,,,,,,,,,,,,,
1,6,B05,M,00:19:44.64,1.219,,0.958,00:19:44.64,,,,,,,,,,,,,,,,,,,,,
1,6,B06,M,00:19:45.53,1.199,,0.938,00:19:45.53,,,,,,,,,,,,,,,,,,,,,
1,6,B07,M,00:19:46.41,0.275,,0.015,00:19:46.41,,,,,,,,,,,,,,,,,,,,,
1,6,B08,M,00:19:47.30,0.196,,-0.064,00:19:47.30,,,,,,,,,,,,,,,,,,,,,
1,6,B09,M,00:19:48.19,0.205,,-0.055,00:19:48.19,,,,,,,,,,,,,,,,,,,,,
1,6,B10,M,00:19:49.08,0.411,,0.151,00:19:49.08,,,,,,,,,,,,,,,,,,,,,
1,6,B11,M,00:19:49.97,0.403,,0.142,00:19:49.97,,,,,,,,,,,,,,,,,,,,,
1,6,B12,M,00:19:50.86,0.407,,0.147,00:19:50.86,,,,,,,,,,,,,,,,,,,,,
1,6,C01,M,00:19:54.19,0.518,,0.257,00:19:54.19,,,,,,,,,,,,,,,,,,,,,
1,6,C02,M,00:19:55.08,0.508,,0.248,00:19:55.08,,,,,,,,,,,,,,,,,,,,,
1,6,C03,M,00:19:55.97,0.286,,0.026,00:19:55.97,,,,,,,,,,,,,,,,,,,,,
1,6,C04,M,00:19:56.86,0.306,,0.046,00:19:56.86,,,,,,,,,,,,,,,,,,,,,
1,6,C05,M,00:19:57.75,0.277,,0.017,00:19:57.75,,,,,,,,,,,,,,,,,,,,,
1,6,C06,M,00:19:58.64,0.350,,0.090,00:19:58.64,,,,,,,,,,,,,,,,,,,,,
1,6,C07,M,00:19:59.52,0.351,,0.090,00:19:59.52,,,,,,,,,,,,,,,,,,,,,
1,6,C08,M,00:20:00.41,0.512,,0.252,00:20:00.41,,,,,,,,,,,,,,,,,,,,,
1,6,C09,M,00:20:01.30,0.380,,0.120,00:20:01.30,,,,,,,,,,,,,,,,,,,,,
1,6,C10,M,00:20:02.19,0.423,,0.162,00:20:02.19,,,,,,,,,,,,,,,,,,,,,
1,6,C11,M,00:20:03.08,0.388,,0.128,00:20:03.08,,,,,,,,,,,,,,,,,,,,,
1,6,C12,M,00:20:03.97,0.380,,0.119,00:20:03.97,,,,,,,,,,,,,,,,,,,,,
1,6,D01,M,00:20:07.30,0.154,,-0.107,00:20:07.30,,,,,,,,,,,,,,,,,,,,,
1,6,D02,M,00:20:08.19,0.132,,-0.128,00:20:08.19,,,,,,,,,,,,,,,,,,,,,
1,6,D03,M,00:20:09.08,0.137,,-0.124,00:20:09.08,,,,,,,,,,,,,,,,,,,,,
1,7,A01,M,00:23:17.46,0.255,,-0.006,00:23:17.46,,,,,,,,,,,,,,,,,,,,,
1,7,A02,M,00:23:18.36,0.255,,-0.005,00:23:18.36,,,,,,,,,,,,,,,,,,,,,
1,7,A03,M,00:23:19.24,0.251,,-0.010,00:23:19.24,,,,,,,,,,,,,,,,,,,,,
1,7,A04,M,00:23:20.13,0.684,,0.424,00:23:20.13,,,,,,,,,,,,,,,,,,,,,
1,7,A05,M,00:23:21.02,0.598,,0.338,00:23:21.02,,,,,,,,,,,,,,,,,,,,,
1,7,A06,M,00:23:21.91,0.578,,0.318,00:23:21.91,,,,,,,,,,,,,,,,,,,,,
1,7,A07,M,00:23:22.80,0.930,,0.669,00:23:22.80,,,,,,,,,,,,,,,,,,,,,
1,7,A08,M,00:23:23.69,1.006,,0.745,00:23:23.69,,,,,,,,,,,,,,,,,,,,,
1,7,A09,M,00:23:24.58,0.977,,0.717,00:23:24.58,,,,,,,,,,,,,,,,,,,,,
1,7,A10,M,00:23:25.47,1.391,,1.131,00:23:25.47,,,,,,,,,,,,,,,,,,,,,
1,7,A11,M,00:23:26.36,1.293,,1.033,00:23:26.36,,,,,,,,,,,,,,,,,,,,,
1,7,A12,M,00:23:27.24,1.338,,1.077,00:23:27.24,,,,,,,,,,,,,,,,,,,,,
1,7,B01,M,00:23:30.58,1.790,,1.530,00:23:30.58,,,,,,,,,,,,,,,,,,,,,
1,7,B02,M,00:23:31.47,1.709,,1.449,00:23:31.47,,,,,,,,,,,,,,,,,,,,,
1,7,B03,M,00:23:32.36,0.980,,0.720,00:23:32.36,,,,,,,,,,,,,,,,,,,,,
1,7,B04,M,00:23:33.24,1.178,,0.917,00:23:33.24,,,,,,,,,,,,,,,,,,,,,
1,7,B05,M,00:23:34.13,1.211,,0.951,00:23:34.13,,,,,,,,,,,,,,,,,,,,,
1,7,B06,M,00:23:35.02,1.190,,0.929,00:23:35.02,,,,,,,,,,,,,,,,,,,,,
1,7,B07,M,00:23:35.91,0.286,,0.025,00:23:35.91,,,,,,,,,,,,,,,,,,,,,
1,7,B08,M,00:23:36.80,0.203,,-0.057,00:23:36.80,,,,,,,,,,,,,,,,,,,,,
1,7,B09,M,00:23:37.69,0.213,,-0.047,00:23:37.69,,,,,,,,,,,,,,,,,,,,,
1,7,B10,M,00:23:38.58,0.420,,0.159,00:23:38.58,,,,,,,,,,,,,,,,,,,,,
1,7,B11,M,00:23:39.47,0.411,,0.150,00:23:39.47,,,,,,,,,,,,,,,,,,,,,
1,7,B12,M,00:23:40.36,0.416,,0.155,00:23:40.36,,,,,,,,,,,,,,,,,,,,,
1,7,C01,M,00:23:43.69,0.534,,0.274,00:23:43.69,,,,,,,,,,,,,,,,,,,,,
1,7,C02,M,00:23:44.58,0.523,,0.263,00:23:44.58,,,,,,,,,,,,,,,,,,,,,
1,7,C03,M,00:23:45.47,0.293,,0.033,00:23:45.47,,,,,,,,,,,,,,,,,,,,,
1,7,C04,M,00:23:46.35,0.315,,0.054,00:23:46.35,,,,,,,,,,,,,,,,,,,,,
1,7,C05,M,00:23:47.24,0.284,,0.023,00:23:47.24,,,,,,,,,,,,,,,,,,,,,
1,7,C06,M,00:23:48.13,0.360,,0.100,00:23:48.13,,,,,,,,,,,,,,,,,,,,,
1,7,C07,M,00:23:49.02,0.361,,0.100,00:23:49.02,,,,,,,,,,,,,,,,,,,,,
1,7,C08,M,00:23:49.91,0.528,,0.267,00:23:49.91,,,,,,,,,,,,,,,,,,,,,
1,7,C09,M,00:23:50.80,0.388,,0.128,00:23:50.80,,,,,,,,,,,,,,,,,,,,,
1,7,C10,M,00:23:51.69,0.430,,0.170,00:23:51.69,,,,,,,,,,,,,,,,,,,,,
1,7,C11,M,00:23:52.58,0.395,,0.135,00:23:52.58,,,,,,,,,,,,,,,,,,,,,
1,7,C12,M,00:23:53.47,0.388,,0.128,00:23:53.47,,,,,,,,,,,,,,,,,,,,,
1,7,D01,M,00:23:56.80,0.153,,-0.108,00:23:56.80,,,,,,,,,,,,,,,,,,,,,
1,7,D02,M,00:23:57.69,0.132,,-0.128,00:23:57.69,,,,,,,,,,,,,,,,,,,,,
1,7,D03,M,00:23:58.58,0.137,,-0.124,00:23:58.58,,,,,,,,,,,,,,,,,,,,,
1,8,A01,M,00:27:06.95,0.255,,-0.005,00:27:06.95,,,,,,,,,,,,,,,,,,,,,
1,8,A02,M,00:27:07.85,0.256,,-0.005,00:27:07.85,,,,,,,,,,,,,,,,,,,,,
1,8,A03,M,00:27:08.74,0.251,,-0.009,00:27:08.74,,,,,,,,,,,,,,,,,,,,,
1,8,A04,M,00:27:09.63,0.679,,0.419,00:27:09.63,,,,,,,,,,,,,,,,,,,,,
1,8,A05,M,00:27:10.52,0.596,,0.335,00:27:10.52,,,,,,,,,,,,,,,,,,,,,
1,8,A06,M,00:27:11.41,0.576,,0.315,00:27:11.41,,,,,,,,,,,,,,,,,,,,,
1,8,A07,M,00:27:12.30,0.925,,0.665,00:27:12.30,,,,,,,,,,,,,,,,,,,,,
1,8,A08,M,00:27:13.18,1.000,,0.740,00:27:13.18,,,,,,,,,,,,,,,,,,,,,
1,8,A09,M,00:27:14.07,0.970,,0.710,00:27:14.07,,,,,,,,,,,,,,,,,,,,,
1,8,A10,M,00:27:14.96,1.383,,1.122,00:27:14.96,,,,,,,,,,,,,,,,,,,,,
1,8,A11,M,00:27:15.85,1.287,,1.027,00:27:15.85,,,,,,,,,,,,,,,,,,,,,
1,8,A12,M,00:27:16.74,1.331,,1.070,00:27:16.74,,,,,,,,,,,,,,,,,,,,,
1,8,B01,M,00:27:20.08,1.782,,1.521,00:27:20.08,,,,,,,,,,,,,,,,,,,,,
1,8,B02,M,00:27:20.96,1.701,,1.441,00:27:20.96,,,,,,,,,,,,,,,,,,,,,
1,8,B03,M,00:27:21.85,0.975,,0.714,00:27:21.85,,,,,,,,,,,,,,,,,,,,,
1,8,B04,M,00:27:22.74,1.169,,0.909,00:27:22.74,,,,,,,,,,,,,,,,,,,,,
1,8,B05,M,00:27:23.63,1.202,,0.942,00:27:23.63,,,,,,,,,,,,,,,,,,,,,
1,8,B06,M,00:27:24.52,1.183,,0.923,00:27:24.52,,,,,,,,,,,,,,,,,,,,,
1,8,B07,M,00:27:25.41,0.296,,0.036,00:27:25.41,,,,,,,,,,,,,,,,,,,,,
1,8,B08,M,00:27:26.30,0.211,,-0.049,00:27:26.30,,,,,,,,,,,,,,,,,,,,,
1,8,B09,M,00:27:27.18,0.221,,-0.039,00:27:27.18,,,,,,,,,,,,,,,,,,,,,
1,8,B10,M,00:27:28.07,0.427,,0.167,00:27:28.07,,,,,,,,,,,,,,,,,,,,,
1,8,B11,M,00:27:28.96,0.419,,0.159,00:27:28.96,,,,,,,,,,,,,,,,,,,,,
1,8,B12,M,00:27:29.85,0.422,,0.161,00:27:29.85,,,,,,,,,,,,,,,,,,,,,
1,8,C01,M,00:27:33.19,0.549,,0.289,00:27:33.19,,,,,,,,,,,,,,,,,,,,,
1,8,C02,M,00:27:34.07,0.537,,0.277,00:27:34.07,,,,,,,,,,,,,,,,,,,,,
1,8,C03,M,00:27:34.96,0.300,,0.040,00:27:34.96,,,,,,,,,,,,,,,,,,,,,
1,8,C04,M,00:27:35.85,0.323,,0.063,00:27:35.85,,,,,,,,,,,,,,,,,,,,,
1,8,C05,M,00:27:36.74,0.290,,0.030,00:27:36.74,,,,,,,,,,,,,,,,,,,,,
1,8,C06,M,00:27:37.63,0.370,,0.109,00:27:37.63,,,,,,,,,,,,,,,,,,,,,
1,8,C07,M,00:27:38.52,0.371,,0.110,00:27:38.52,,,,,,,,,,,,,,,,,,,,,
1,8,C08,M,00:27:39.41,0.542,,0.282,00:27:39.41,,,,,,,,,,,,,,,,,,,,,
1,8,C09,M,00:27:40.30,0.396,,0.136,00:27:40.30,,,,,,,,,,,,,,,,,,,,,
1,8,C10,M,00:27:41.18,0.441,,0.180,00:27:41.18,,,,,,,,,,,,,,,,,,,,,
1,8,C11,M,00:27:42.07,0.403,,0.143,00:27:42.07,,,,,,,,,,,,,,,,,,,,,
1,8,C12,M,00:27:42.96,0.396,,0.136,00:27:42.96,,,,,,,,,,,,,,,,,,,,,
1,8,D01,M,00:27:46.30,0.153,,-0.107,00:27:46.30,,,,,,,,,,,,,,,,,,,,,
1,8,D02,M,00:27:47.18,0.132,,-0.128,00:27:47.18,,,,,,,,,,,,,,,,,,,,,
1,8,D03,M,00:27:48.07,0.137,,-0.123,00:27:48.07,,,,,,,,,,,,,,,,,,,,,
1,9,A01,M,00:30:56.39,0.255,,-0.005,00:30:56.39,,,,,,,,,,,,,,,,,,,,,
1,9,A02,M,00:30:57.29,0.256,,-0.005,00:30:57.29,,,,,,,,,,,,,,,,,,,,,
1,9,A03,M,00:30:58.18,0.251,,-0.009,00:30:58.18,,,,,,,,,,,,,,,,,,,,,
1,9,A04,M,00:30:59.07,0.676,,0.415,00:30:59.07,,,,,,,,,,,,,,,,,,,,,
1,9,A05,M,00:30:59.96,0.592,,0.331,00:30:59.96,,,,,,,,,,,,,,,,,,,,,
1,9,A06,M,00:31:00.85,0.572,,0.312,00:31:00.85,,,,,,,,,,,,,,,,,,,,,
1,9,A07,M,00:31:01.74,0.920,,0.660,00:31:01.74,,,,,,,,,,,,,,,,,,,,,
1,9,A08,M,00:31:02.63,0.993,,0.733,00:31:02.63,,,,,,,,,,,,,,,,,,,,,
1,9,A09,M,00:31:03.51,0.964,,0.704,00:31:03.51,,,,,,,,,,,,,,,,,,,,,
1,9,A10,M,00:31:04.40,1.376,,1.116,00:31:04.40,,,,,,,,,,,,,,,,,,,,,
1,9,A11,M,00:31:05.29,1.280,,1.020,00:31:05.29,,,,,,,,,,,,,,,,,,,,,
1,9,A12,M,00:31:06.18,1.323,,1.063,00:31:06.18,,,,,,,,,,,,,,,,,,,,,
1,9,B01,M,00:31:09.52,1.773,,1.513,00:31:09.52,,,,,,,,,,,,,,,,,,,,,
1,9,B02,M,00:31:10.40,1.693,,1.433,00:31:10.40,,,,,,,,,,,,,,,,,,,,,
1,9,B03,M,00:31:11.29,0.969,,0.709,00:31:11.29,,,,,,,,,,,,,,,,,,,,,
1,9,B04,M,00:31:12.18,1.162,,0.902,00:31:12.18,,,,,,,,,,,,,,,,,,,,,
1,9,B05,M,00:31:13.07,1.195,,0.935,00:31:13.07,,,,,,,,,,,,,,,,,,,,,
1,9,B06,M,00:31:13.96,1.173,,0.913,00:31:13.96,,,,,,,,,,,,,,,,,,,,,
1,9,B07,M,00:31:14.85,0.307,,0.047,00:31:14.85,,,,,,,,,,,,,,,,,,,,,
1,9,B08,M,00:31:15.74,0.218,,-0.042,00:31:15.74,,,,,,,,,,,,,,,,,,,,,
1,9,B09,M,00:31:16.62,0.229,,-0.031,00:31:16.62,,,,,,,,,,,,,,,,,,,,,
1,9,B10,M,00:31:17.51,0.434,,0.174,00:31:17.51,,,,,,,,,,,,,,,,,,,,,
1,9,B11,M,00:31:18.40,0.426,,0.166,00:31:18.40,,,,,,,,,,,,,,,,,,,,,
1,9,B12,M,00:31:19.29,0.431,,0.171,00:31:19.29,,,,,,,,,,,,,,,,,,,,,
1,9,C01,M,00:31:22.63,0.564,,0.304,00:31:22.63,,,,,,,,,,,,,,,,,,,,,
1,9,C02,M,00:31:23.51,0.551,,0.291,00:31:23.51,,,,,,,,,,,,,,,,,,,,,
1,9,C03,M,00:31:24.40,0.307,,0.047,00:31:24.40,,,,,,,,,,,,,,,,,,,,,
1,9,C04,M,00:31:25.29,0.331,,0.071,00:31:25.29,,,,,,,,,,,,,,,,,,,,,
1,9,C05,M,00:31:26.18,0.296,,0.036,00:31:26.18,,,,,,,,,,,,,,,,,,,,,
1,9,C06,M,00:31:27.07,0.379,,0.119,00:31:27.07,,,,,,,,,,,,,,,,,,,,,
1,9,C07,M,00:31:27.96,0.379,,0.119,00:31:27.96,,,,,,,,,,,,,,,,,,,,,
1,9,C08,M,00:31:28.85,0.556,,0.296,00:31:28.85,,,,,,,,,,,,,,,,,,,,,
1,9,C09,M,00:31:29.74,0.408,,0.147,00:31:29.74,,,,,,,,,,,,,,,,,,,,,
1,9,C10,M,00:31:30.62,0.454,,0.194,00:31:30.62,,,,,,,,,,,,,,,,,,,,,
1,9,C11,M,00:31:31.51,0.411,,0.150,00:31:31.51,,,,,,,,,,,,,,,,,,,,,
1,9,C12,M,00:31:32.40,0.403,,0.142,00:31:32.40,,,,,,,,,,,,,,,,,,,,,
1,9,D01,M,00:31:35.74,0.155,,-0.106,00:31:35.74,,,,,,,,,,,,,,,,,,,,,
1,9,D02,M,00:31:36.62,0.132,,-0.128,00:31:36.62,,,,,,,,,,,,,,,,,,,,,
1,9,D03,M,00:31:37.51,0.137,,-0.123,00:31:37.51,,,,,,,,,,,,,,,,,,,,,
1,10,A01,M,00:34:45.95,0.255,,-0.005,00:34:45.95,,,,,,,,,,,,,,,,,,,,,
1,10,A02,M,00:34:46.84,0.256,,-0.004,00:34:46.84,,,,,,,,,,,,,,,,,,,,,
1,10,A03,M,00:34:47.73,0.251,,-0.009,00:34:47.73,,,,,,,,,,,,,,,,,,,,,
1,10,A04,M,00:34:48.62,0.672,,0.411,00:34:48.62,,,,,,,,,,,,,,,,,,,,,
1,10,A05,M,00:34:49.51,0.589,,0.328,00:34:49.51,,,,,,,,,,,,,,,,,,,,,
1,10,A06,M,00:34:50.40,0.569,,0.308,00:34:50.40,,,,,,,,,,,,,,,,,,,,,
1,10,A07,M,00:34:51.29,0.914,,0.654,00:34:51.29,,,,,,,,,,,,,,,,,,,,,
1,10,A08,M,00:34:52.18,0.988,,0.727,00:34:52.18,,,,,,,,,,,,,,,,,,,,,
1,10,A09,M,00:34:53.07,0.958,,0.698,00:34:53.07,,,,,,,,,,,,,,,,,,,,,
1,10,A10,M,00:34:53.96,1.368,,1.108,00:34:53.96,,,,,,,,,,,,,,,,,,,,,
1,10,A11,M,00:34:54.84,1.274,,1.014,00:34:54.84,,,,,,,,,,,,,,,,,,,,,
1,10,A12,M,00:34:55.73,1.316,,1.055,00:34:55.73,,,,,,,,,,,,,,,,,,,,,
1,10,B01,M,00:34:59.07,1.769,,1.509,00:34:59.07,,,,,,,,,,,,,,,,,,,,,
1,10,B02,M,00:34:59.96,1.686,,1.426,00:34:59.96,,,,,,,,,,,,,,,,,,,,,
1,10,B03,M,00:35:00.84,0.964,,0.704,00:35:00.84,,,,,,,,,,,,,,,,,,,,,
1,10,B04,M,00:35:01.73,1.154,,0.894,00:35:01.73,,,,,,,,,,,,,,,,,,,,,
1,10,B05,M,00:35:02.62,1.188,,0.927,00:35:02.62,,,,,,,,,,,,,,,,,,,,,
1,10,B06,M,00:35:03.51,1.166,,0.905,00:35:03.51,,,,,,,,,,,,,,,,,,,,,
1,10,B07,M,00:35:04.40,0.318,,0.058,00:35:04.40,,,,,,,,,,,,,,,,,,,,,
1,10,B08,M,00:35:05.29,0.226,,-0.035,00:35:05.29,,,,,,,,,,,,,,,,,,,,,
1,10,B09,M,00:35:06.18,0.237,,-0.023,00:35:06.18,,,,,,,,,,,,,,,,,,,,,
1,10,B10,M,00:35:07.07,0.441,,0.180,00:35:07.07,,,,,,,,,,,,,,,,,,,,,
1,10,B11,M,00:35:07.96,0.434,,0.174,00:35:07.96,,,,,,,,,,,,,,,,,,,,,
1,10,B12,M,00:35:08.84,0.434,,0.174,00:35:08.84,,,,,,,,,,,,,,,,,,,,,
1,10,C01,M,00:35:12.18,0.578,,0.317,00:35:12.18,,,,,,,,,,,,,,,,,,,,,
1,10,C02,M,00:35:13.07,0.565,,0.305,00:35:13.07,,,,,,,,,,,,,,,,,,,,,
1,10,C03,M,00:35:13.95,0.313,,0.053,00:35:13.95,,,,,,,,,,,,,,,,,,,,,
1,10,C04,M,00:35:14.84,0.338,,0.078,00:35:14.84,,,,,,,,,,,,,,,,,,,,,
1,10,C05,M,00:35:15.73,0.301,,0.041,00:35:15.73,,,,,,,,,,,,,,,,,,,,,
1,10,C06,M,00:35:16.62,0.388,,0.127,00:35:16.62,,,,,,,,,,,,,,,,,,,,,
1,10,C07,M,00:35:17.51,0.388,,0.128,00:35:17.51,,,,,,,,,,,,,,,,,,,,,
1,10,C08,M,00:35:18.40,0.570,,0.310,00:35:18.40,,,,,,,,,,,,,,,,,,,,,
1,10,C09,M,00:35:19.29,0.413,,0.153,00:35:19.29,,,,,,,,,,,,,,,,,,,,,
1,10,C10,M,00:35:20.18,0.476,,0.216,00:35:20.18,,,,,,,,,,,,,,,,,,,,,
1,10,C11,M,00:35:21.07,0.419,,0.158,00:35:21.07,,,,,,,,,,,,,,,,,,,,,
1,10,C12,M,00:35:21.96,0.410,,0.150,00:35:21.96,,,,,,,,,,,,,,,,,,,,,
1,10,D01,M,00:35:25.29,0.154,,-0.107,00:35:25.29,,,,,,,,,,,,,,,,,,,,,
1,10,D02,M,00:35:26.18,0.132,,-0.128,00:35:26.18,,,,,,,,,,,,,,,,,,,,,
1,10,D03,M,00:35:27.07,0.137,,-0.123,00:35:27.07,,,,,,,,,,,,,,,,,,,,,
1,11,A01,M,00:38:35.50,0.255,,-0.005,00:38:35.50,,,,,,,,,,,,,,,,,,,,,
1,11,A02,M,00:38:36.40,0.256,,-0.004,00:38:36.40,,,,,,,,,,,,,,,,,,,,,
1,11,A03,M,00:38:37.28,0.251,,-0.009,00:38:37.28,,,,,,,,,,,,,,,,,,,,,
1,11,A04,M,00:38:38.17,0.668,,0.407,00:38:38.17,,,,,,,,,,,,,,,,,,,,,
1,11,A05,M,00:38:39.06,0.585,,0.325,00:38:39.06,,,,,,,,,,,,,,,,,,,,,
1,11,A06,M,00:38:39.95,0.565,,0.305,00:38:39.95,,,,,,,,,,,,,,,,,,,,,
1,11,A07,M,00:38:40.84,0.908,,0.648,00:38:40.84,,,,,,,,,,,,,,,,,,,,,
1,11,A08,M,00:38:41.73,0.981,,0.721,00:38:41.73,,,,,,,,,,,,,,,,,,,,,
1,11,A09,M,00:38:42.62,0.953,,0.692,00:38:42.62,,,,,,,,,,,,,,,,,,,,,
1,11,A10,M,00:38:43.51,1.362,,1.101,00:38:43.51,,,,,,,,,,,,,,,,,,,,,
1,11,A11,M,00:38:44.40,1.268,,1.007,00:38:44.40,,,,,,,,,,,,,,,,,,,,,
1,11,A12,M,00:38:45.28,1.309,,1.048,00:38:45.28,,,,,,,,,,,,,,,,,,,,,
1,11,B01,M,00:38:48.62,1.761,,1.501,00:38:48.62,,,,,,,,,,,,,,,,,,,,,
1,11,B02,M,00:38:49.51,1.682,,1.421,00:38:49.51,,,,,,,,,,,,,,,,,,,,,
1,11,B03,M,00:38:50.40,0.959,,0.699,00:38:50.40,,,,,,,,,,,,,,,,,,,,,
1,11,B04,M,00:38:51.28,1.148,,0.887,00:38:51.28,,,,,,,,,,,,,,,,,,,,,
1,11,B05,M,00:38:52.17,1.181,,0.920,00:38:52.17,,,,,,,,,,,,,,,,,,,,,
1,11,B06,M,00:38:53.06,1.157,,0.897,00:38:53.06,,,,,,,,,,,,,,,,,,,,,
1,11,B07,M,00:38:53.95,0.329,,0.068,00:38:53.95,,,,,,,,,,,,,,,,,,,,,
1,11,B08,M,00:38:54.84,0.233,,-0.028,00:38:54.84,,,,,,,,,,,,,,,,,,,,,
1,11,B09,M,00:38:55.73,0.245,,-0.015,00:38:55.73,,,,,,,,,,,,,,,,,,,,,
1,11,B10,M,00:38:56.62,0.447,,0.187,00:38:56.62,,,,,,,,,,,,,,,,,,,,,
1,11,B11,M,00:38:57.51,0.439,,0.179,00:38:57.51,,,,,,,,,,,,,,,,,,,,,
1,11,B12,M,00:38:58.40,0.440,,0.179,00:38:58.40,,,,,,,,,,,,,,,,,,,,,
1,11,C01,M,00:39:01.73,0.591,,0.331,00:39:01.73,,,,,,,,,,,,,,,,,,,,,
1,11,C02,M,00:39:02.62,0.578,,0.317,00:39:02.62,,,,,,,,,,,,,,,,,,,,,
1,11,C03,M,00:39:03.51,0.319,,0.059,00:39:03.51,,,,,,,,,,,,,,,,,,,,,
1,11,C04,M,00:39:04.40,0.345,,0.085,00:39:04.40,,,,,,,,,,,,,,,,,,,,,
1,11,C05,M,00:39:05.28,0.307,,0.046,00:39:05.28,,,,,,,,,,,,,,,,,,,,,
1,11,C06,M,00:39:06.17,0.396,,0.135,00:39:06.17,,,,,,,,,,,,,,,,,,,,,
1,11,C07,M,00:39:07.06,0.397,,0.136,00:39:07.06,,,,,,,,,,,,,,,,,,,,,
1,11,C08,M,00:39:07.95,0.583,,0.322,00:39:07.95,,,,,,,,,,,,,,,,,,,,,
1,11,C09,M,00:39:08.84,0.419,,0.159,00:39:08.84,,,,,,,,,,,,,,,,,,,,,
1,11,C10,M,00:39:09.73,0.491,,0.231,00:39:09.73,,,,,,,,,,,,,,,,,,,,,
1,11,C11,M,00:39:10.62,0.425,,0.165,00:39:10.62,,,,,,,,,,,,,,,,,,,,,
1,11,C12,M,00:39:11.51,0.417,,0.157,00:39:11.51,,,,,,,,,,,,,,,,,,,,,
1,11,D01,M,00:39:14.84,0.153,,-0.107,00:39:14.84,,,,,,,,,,,,,,,,,,,,,
1,11,D02,M,00:39:15.73,0.133,,-0.128,00:39:15.73,,,,,,,,,,,,,,,,,,,,,
1,11,D03,M,00:39:16.62,0.137,,-0.123,00:39:16.62,,,,,,,,,,,,,,,,,,,,,
1,12,A01,M,00:42:25.05,0.255,,-0.005,00:42:25.05,,,,,,,,,,,,,,,,,,,,,
1,12,A02,M,00:42:25.95,0.256,,-0.004,00:42:25.95,,,,,,,,,,,,,,,,,,,,,
1,12,A03,M,00:42:26.84,0.251,,-0.009,00:42:26.84,,,,,,,,,,,,,,,,,,,,,
1,12,A04,M,00:42:27.73,0.663,,0.403,00:42:27.73,,,,,,,,,,,,,,,,,,,,,
1,12,A05,M,00:42:28.61,0.582,,0.322,00:42:28.61,,,,,,,,,,,,,,,,,,,,,
1,12,A06,M,00:42:29.50,0.562,,0.302,00:42:29.50,,,,,,,,,,,,,,,,,,,,,
1,12,A07,M,00:42:30.39,0.902,,0.642,00:42:30.39,,,,,,,,,,,,,,,,,,,,,
1,12,A08,M,00:42:31.28,0.975,,0.714,00:42:31.28,,,,,,,,,,,,,,,,,,,,,
1,12,A09,M,00:42:32.17,0.945,,0.685,00:42:32.17,,,,,,,,,,,,,,,,,,,,,
1,12,A10,M,00:42:33.06,1.353,,1.093,00:42:33.06,,,,,,,,,,,,,,,,,,,,,
1,12,A11,M,00:42:33.95,1.262,,1.002,00:42:33.95,,,,,,,,,,,,,,,,,,,,,
1,12,A12,M,00:42:34.84,1.301,,1.041,00:42:34.84,,,,,,,,,,,,,,,,,,,,,
1,12,B01,M,00:42:38.17,1.752,,1.491,00:42:38.17,,,,,,,,,,,,,,,,,,,,,
1,12,B02,M,00:42:39.06,1.674,,1.414,00:42:39.06,,,,,,,,,,,,,,,,,,,,,
1,12,B03,M,00:42:39.95,0.955,,0.694,00:42:39.95,,,,,,,,,,,,,,,,,,,,,
1,12,B04,M,00:42:40.84,1.141,,0.880,00:42:40.84,,,,,,,,,,,,,,,,,,,,,
1,12,B05,M,00:42:41.72,1.172,,0.912,00:42:41.72,,,,,,,,,,,,,,,,,,,,,
1,12,B06,M,00:42:42.61,1.149,,0.888,00:42:42.61,,,,,,,,,,,,,,,,,,,,,
1,12,B07,M,00:42:43.50,0.339,,0.079,00:42:43.50,,,,,,,,,,,,,,,,,,,,,
1,12,B08,M,00:42:44.39,0.240,,-0.021,00:42:44.39,,,,,,,,,,,,,,,,,,,,,
1,12,B09,M,00:42:45.28,0.253,,-0.008,00:42:45.28,,,,,,,,,,,,,,,,,,,,,
1,12,B10,M,00:42:46.17,0.452,,0.192,00:42:46.17,,,,,,,,,,,,,,,,,,,,,
1,12,B11,M,00:42:47.06,0.443,,0.183,00:42:47.06,,,,,,,,,,,,,,,,,,,,,
1,12,B12,M,00:42:47.95,0.444,,0.184,00:42:47.95,,,,,,,,,,,,,,,,,,,,,
1,12,C01,M,00:42:51.28,0.604,,0.344,00:42:51.28,,,,,,,,,,,,,,,,,,,,,
1,12,C02,M,00:42:52.17,0.589,,0.329,00:42:52.17,,,,,,,,,,,,,,,,,,,,,
1,12,C03,M,00:42:53.06,0.325,,0.065,00:42:53.06,,,,,,,,,,,,,,,,,,,,,
1,12,C04,M,00:42:53.95,0.352,,0.092,00:42:53.95,,,,,,,,,,,,,,,,,,,,,
1,12,C05,M,00:42:54.84,0.312,,0.052,00:42:54.84,,,,,,,,,,,,,,,,,,,,,
1,12,C06,M,00:42:55.72,0.404,,0.144,00:42:55.72,,,,,,,,,,,,,,,,,,,,,
1,12,C07,M,00:42:56.61,0.405,,0.144,00:42:56.61,,,,,,,,,,,,,,,,,,,,,
1,12,C08,M,00:42:57.50,0.597,,0.336,00:42:57.50,,,,,,,,,,,,,,,,,,,,,
1,12,C09,M,00:42:58.39,0.427,,0.166,00:42:58.39,,,,,,,,,,,,,,,,,,,,,
1,12,C10,M,00:42:59.28,0.488,,0.227,00:42:59.28,,,,,,,,,,,,,,,,,,,,,
1,12,C11,M,00:43:00.17,0.432,,0.172,00:43:00.17,,,,,,,,,,,,,,,,,,,,,
1,12,C12,M,00:43:01.06,0.424,,0.163,00:43:01.06,,,,,,,,,,,,,,,,,,,,,
1,12,D01,M,00:43:04.39,0.153,,-0.107,00:43:04.39,,,,,,,,,,,,,,,,,,,,,
1,12,D02,M,00:43:05.28,0.133,,-0.128,00:43:05.28,,,,,,,,,,,,,,,,,,,,,
1,12,D03,M,00:43:06.17,0.137,,-0.123,00:43:06.17,,,,,,,,,,,,,,,,,,,,,
1,13,A01,M,00:46:14.60,0.255,,-0.005,00:46:14.60,,,,,,,,,,,,,,,,,,,,,
1,13,A02,M,00:46:15.50,0.256,,-0.004,00:46:15.50,,,,,,,,,,,,,,,,,,,,,
1,13,A03,M,00:46:16.39,0.252,,-0.009,00:46:16.39,,,,,,,,,,,,,,,,,,,,,
1,13,A04,M,00:46:17.28,0.659,,0.399,00:46:17.28,,,,,,,,,,,,,,,,,,,,,
1,13,A05,M,00:46:18.17,0.579,,0.319,00:46:18.17,,,,,,,,,,,,,,,,,,,,,
1,13,A06,M,00:46:19.05,0.559,,0.298,00:46:19.05,,,,,,,,,,,,,,,,,,,,,
1,13,A07,M,00:46:19.94,0.897,,0.636,00:46:19.94,,,,,,,,,,,,,,,,,,,,,
1,13,A08,M,00:46:20.83,0.969,,0.708,00:46:20.83,,,,,,,,,,,,,,,,,,,,,
1,13,A09,M,00:46:21.72,0.940,,0.680,00:46:21.72,,,,,,,,,,,,,,,,,,,,,
1,13,A10,M,00:46:22.61,1.346,,1.085,00:46:22.61,,,,,,,,,,,,,,,,,,,,,
1,13,A11,M,00:46:23.50,1.255,,0.994,00:46:23.50,,,,,,,,,,,,,,,,,,,,,
1,13,A12,M,00:46:24.39,1.294,,1.034,00:46:24.39,,,,,,,,,,,,,,,,,,,,,
1,13,B01,M,00:46:27.72,1.747,,1.486,00:46:27.72,,,,,,,,,,,,,,,,,,,,,
1,13,B02,M,00:46:28.61,1.668,,1.408,00:46:28.61,,,,,,,,,,,,,,,,,,,,,
1,13,B03,M,00:46:29.50,0.948,,0.688,00:46:29.50,,,,,,,,,,,,,,,,,,,,,
1,13,B04,M,00:46:30.39,1.135,,0.875,00:46:30.39,,,,,,,,,,,,,,,,,,,,,
1,13,B05,M,00:46:31.28,1.167,,0.906,00:46:31.28,,,,,,,,,,,,,,,,,,,,,
1,13,B06,M,00:46:32.17,1.142,,0.882,00:46:32.17,,,,,,,,,,,,,,,,,,,,,
1,13,B07,M,00:46:33.05,0.350,,0.090,00:46:33.05,,,,,,,,,,,,,,,,,,,,,
1,13,B08,M,00:46:33.94,0.247,,-0.013,00:46:33.94,,,,,,,,,,,,,,,,,,,,,
1,13,B09,M,00:46:34.83,0.261,,0.001,00:46:34.83,,,,,,,,,,,,,,,,,,,,,
1,13,B10,M,00:46:35.72,0.457,,0.196,00:46:35.72,,,,,,,,,,,,,,,,,,,,,
1,13,B11,M,00:46:36.61,0.449,,0.188,00:46:36.61,,,,,,,,,,,,,,,,,,,,,
1,13,B12,M,00:46:37.50,0.448,,0.187,00:46:37.50,,,,,,,,,,,,,,,,,,,,,
1,13,C01,M,00:46:40.83,0.616,,0.355,00:46:40.83,,,,,,,,,,,,,,,,,,,,,
1,13,C02,M,00:46:41.72,0.601,,0.341,00:46:41.72,,,,,,,,,,,,,,,,,,,,,
1,13,C03,M,00:46:42.61,0.331,,0.071,00:46:42.61,,,,,,,,,,,,,,,,,,,,,
1,13,C04,M,00:46:43.50,0.359,,0.098,00:46:43.50,,,,,,,,,,,,,,,,,,,,,
1,13,C05,M,00:46:44.39,0.316,,0.056,00:46:44.39,,,,,,,,,,,,,,,,,,,,,
1,13,C06,M,00:46:45.28,0.413,,0.152,00:46:45.28,,,,,,,,,,,,,,,,,,,,,
1,13,C07,M,00:46:46.17,0.413,,0.153,00:46:46.17,,,,,,,,,,,,,,,,,,,,,
1,13,C08,M,00:46:47.05,0.609,,0.349,00:46:47.05,,,,,,,,,,,,,,,,,,,,,
1,13,C09,M,00:46:47.94,0.430,,0.170,00:46:47.94,,,,,,,,,,,,,,,,,,,,,
1,13,C10,M,00:46:48.83,0.486,,0.225,00:46:48.83,,,,,,,,,,,,,,,,,,,,,
1,13,C11,M,00:46:49.72,0.440,,0.180,00:46:49.72,,,,,,,,,,,,,,,,,,,,,
1,13,C12,M,00:46:50.61,0.430,,0.169,00:46:50.61,,,,,,,,,,,,,,,,,,,,,
1,13,D01,M,00:46:53.94,0.153,,-0.107,00:46:53.94,,,,,,,,,,,,,,,,,,,,,
1,13,D02,M,00:46:54.83,0.133,,-0.128,00:46:54.83,,,,,,,,,,,,,,,,,,,,,
1,13,D03,M,00:46:55.72,0.137,,-0.123,00:46:55.72,,,,,,,,,,,,,,,,,,,,,
1,14,A01,M,00:50:04.10,0.255,,-0.005,00:50:04.10,,,,,,,,,,,,,,,,,,,,,
1,14,A02,M,00:50:05.00,0.256,,-0.004,00:50:05.00,,,,,,,,,,,,,,,,,,,,,
1,14,A03,M,00:50:05.88,0.252,,-0.008,00:50:05.88,,,,,,,,,,,,,,,,,,,,,
1,14,A04,M,00:50:06.77,0.655,,0.395,00:50:06.77,,,,,,,,,,,,,,,,,,,,,
1,14,A05,M,00:50:07.66,0.575,,0.315,00:50:07.66,,,,,,,,,,,,,,,,,,,,,
1,14,A06,M,00:50:08.55,0.556,,0.295,00:50:08.55,,,,,,,,,,,,,,,,,,,,,
1,14,A07,M,00:50:09.44,0.891,,0.631,00:50:09.44,,,,,,,,,,,,,,,,,,,,,
1,14,A08,M,00:50:10.33,0.962,,0.701,00:50:10.33,,,,,,,,,,,,,,,,,,,,,
1,14,A09,M,00:50:11.22,0.933,,0.673,00:50:11.22,,,,,,,,,,,,,,,,,,,,,
1,14,A10,M,00:50:12.11,1.339,,1.078,00:50:12.11,,,,,,,,,,,,,,,,,,,,,
1,14,A11,M,00:50:13.00,1.249,,0.988,00:50:13.00,,,,,,,,,,,,,,,,,,,,,
1,14,A12,M,00:50:13.88,1.286,,1.025,00:50:13.88,,,,,,,,,,,,,,,,,,,,,
1,14,B01,M,00:50:17.22,1.740,,1.480,00:50:17.22,,,,,,,,,,,,,,,,,,,,,
1,14,B02,M,00:50:18.11,1.663,,1.402,00:50:18.11,,,,,,,,,,,,,,,,,,,,,
1,14,B03,M,00:50:19.00,0.942,,0.682,00:50:19.00,,,,,,,,,,,,,,,,,,,,,
1,14,B04,M,00:50:19.89,1.135,,0.874,00:50:19.89,,,,,,,,,,,,,,,,,,,,,
1,14,B05,M,00:50:20.77,1.158,,0.898,00:50:20.77,,,,,,,,,,,,,,,,,,,,,
1,14,B06,M,00:50:21.66,1.134,,0.874,00:50:21.66,,,,,,,,,,,,,,,,,,,,,
1,14,B07,M,00:50:22.55,0.361,,0.100,00:50:22.55,,,,,,,,,,,,,,,,,,,,,
1,14,B08,M,00:50:23.44,0.254,,-0.006,00:50:23.44,,,,,,,,,,,,,,,,,,,,,
1,14,B09,M,00:50:24.33,0.268,,0.008,00:50:24.33,,,,,,,,,,,,,,,,,,,,,
1,14,B10,M,00:50:25.22,0.461,,0.200,00:50:25.22,,,,,,,,,,,,,,,,,,,,,
1,14,B11,M,00:50:26.11,0.453,,0.192,00:50:26.11,,,,,,,,,,,,,,,,,,,,,
1,14,B12,M,00:50:27.00,0.451,,0.191,00:50:27.00,,,,,,,,,,,,,,,,,,,,,
1,14,C01,M,00:50:30.33,0.626,,0.365,00:50:30.33,,,,,,,,,,,,,,,,,,,,,
1,14,C02,M,00:50:31.22,0.612,,0.352,00:50:31.22,,,,,,,,,,,,,,,,,,,,,
1,14,C03,M,00:50:32.11,0.336,,0.076,00:50:32.11,,,,,,,,,,,,,,,,,,,,,
1,14,C04,M,00:50:32.99,0.364,,0.104,00:50:32.99,,,,,,,,,,,,,,,,,,,,,
1,14,C05,M,00:50:33.88,0.321,,0.060,00:50:33.88,,,,,,,,,,,,,,,,,,,,,
1,14,C06,M,00:50:34.77,0.420,,0.159,00:50:34.77,,,,,,,,,,,,,,,,,,,,,
1,14,C07,M,00:50:35.66,0.420,,0.160,00:50:35.66,,,,,,,,,,,,,,,,,,,,,
1,14,C08,M,00:50:36.55,0.622,,0.361,00:50:36.55,,,,,,,,,,,,,,,,,,,,,
1,14,C09,M,00:50:37.44,0.441,,0.181,00:50:37.44,,,,,,,,,,,,,,,,,,,,,
1,14,C10,M,00:50:38.33,0.486,,0.226,00:50:38.33,,,,,,,,,,,,,,,,,,,,,
1,14,C11,M,00:50:39.22,0.447,,0.187,00:50:39.22,,,,,,,,,,,,,,,,,,,,,
1,14,C12,M,00:50:40.11,0.435,,0.174,00:50:40.11,,,,,,,,,,,,,,,,,,,,,
1,14,D01,M,00:50:43.44,0.153,,-0.107,00:50:43.44,,,,,,,,,,,,,,,,,,,,,
1,14,D02,M,00:50:44.33,0.133,,-0.128,00:50:44.33,,,,,,,,,,,,,,,,,,,,,
1,14,D03,M,00:50:45.22,0.138,,-0.123,00:50:45.22,,,,,,,,,,,,,,,,,,,,,
1,15,A01,M,00:53:53.59,0.255,,-0.005,00:53:53.59,,,,,,,,,,,,,,,,,,,,,
1,15,A02,M,00:53:54.49,0.256,,-0.004,00:53:54.49,,,,,,,,,,,,,,,,,,,,,
1,15,A03,M,00:53:55.38,0.252,,-0.009,00:53:55.38,,,,,,,,,,,,,,,,,,,,,
1,15,A04,M,00:53:56.27,0.651,,0.391,00:53:56.27,,,,,,,,,,,,,,,,,,,,,
1,15,A05,M,00:53:57.16,0.572,,0.312,00:53:57.16,,,,,,,,,,,,,,,,,,,,,
1,15,A06,M,00:53:58.05,0.553,,0.293,00:53:58.05,,,,,,,,,,,,,,,,,,,,,
1,15,A07,M,00:53:58.94,0.890,,0.630,00:53:58.94,,,,,,,,,,,,,,,,,,,,,
1,15,A08,M,00:53:59.82,0.956,,0.696,00:53:59.82,,,,,,,,,,,,,,,,,,,,,
1,15,A09,M,00:54:00.71,0.927,,0.667,00:54:00.71,,,,,,,,,,,,,,,,,,,,,
1,15,A10,M,00:54:01.60,1.331,,1.070,00:54:01.60,,,,,,,,,,,,,,,,,,,,,
1,15,A11,M,00:54:02.49,1.242,,0.981,00:54:02.49,,,,,,,,,,,,,,,,,,,,,
1,15,A12,M,00:54:03.38,1.279,,1.019,00:54:03.38,,,,,,,,,,,,,,,,,,,,,
1,15,B01,M,00:54:06.72,1.731,,1.471,00:54:06.72,,,,,,,,,,,,,,,,,,,,,
1,15,B02,M,00:54:07.60,1.655,,1.395,00:54:07.60,,,,,,,,,,,,,,,,,,,,,
1,15,B03,M,00:54:08.49,0.937,,0.677,00:54:08.49,,,,,,,,,,,,,,,,,,,,,
1,15,B04,M,00:54:09.38,1.119,,0.859,00:54:09.38,,,,,,,,,,,,,,,,,,,,,
1,15,B05,M,00:54:10.27,1.151,,0.890,00:54:10.27,,,,,,,,,,,,,,,,,,,,,
1,15,B06,M,00:54:11.16,1.127,,0.867,00:54:11.16,,,,,,,,,,,,,,,,,,,,,
1,15,B07,M,00:54:12.05,0.371,,0.111,00:54:12.05,,,,,,,,,,,,,,,,,,,,,
1,15,B08,M,00:54:12.94,0.261,,0.001,00:54:12.94,,,,,,,,,,,,,,,,,,,,,
1,15,B09,M,00:54:13.82,0.276,,0.016,00:54:13.82,,,,,,,,,,,,,,,,,,,,,
1,15,B10,M,00:54:14.71,0.463,,0.203,00:54:14.71,,,,,,,,,,,,,,,,,,,,,
1,15,B11,M,00:54:15.60,0.456,,0.195,00:54:15.60,,,,,,,,,,,,,,,,,,,,,
1,15,B12,M,00:54:16.49,0.454,,0.193,00:54:16.49,,,,,,,,,,,,,,,,,,,,,
1,15,C01,M,00:54:19.83,0.638,,0.377,00:54:19.83,,,,,,,,,,,,,,,,,,,,,
1,15,C02,M,00:54:20.71,0.622,,0.362,00:54:20.71,,,,,,,,,,,,,,,,,,,,,
1,15,C03,M,00:54:21.60,0.341,,0.080,00:54:21.60,,,,,,,,,,,,,,,,,,,,,
1,15,C04,M,00:54:22.49,0.370,,0.110,00:54:22.49,,,,,,,,,,,,,,,,,,,,,
1,15,C05,M,00:54:23.38,0.325,,0.065,00:54:23.38,,,,,,,,,,,,,,,,,,,,,
1,15,C06,M,00:54:24.27,0.427,,0.166,00:54:24.27,,,,,,,,,,,,,,,,,,,,,
1,15,C07,M,00:54:25.16,0.428,,0.167,00:54:25.16,,,,,,,,,,,,,,,,,,,,,
1,15,C08,M,00:54:26.05,0.633,,0.373,00:54:26.05,,,,,,,,,,,,,,,,,,,,,
1,15,C09,M,00:54:26.94,0.451,,0.190,00:54:26.94,,,,,,,,,,,,,,,,,,,,,
1,15,C10,M,00:54:27.82,0.510,,0.250,00:54:27.82,,,,,,,,,,,,,,,,,,,,,
1,15,C11,M,00:54:28.71,0.453,,0.193,00:54:28.71,,,,,,,,,,,,,,,,,,,,,
1,15,C12,M,00:54:29.60,0.440,,0.179,00:54:29.60,,,,,,,,,,,,,,,,,,,,,
1,15,D01,M,00:54:32.94,0.154,,-0.107,00:54:32.94,,,,,,,,,,,,,,,,,,,,,
1,15,D02,M,00:54:33.82,0.133,,-0.127,00:54:33.82,,,,,,,,,,,,,,,,,,,,,
1,15,D03,M,00:54:34.71,0.138,,-0.123,00:54:34.71,,,,,,,,,,,,,,,,,,,,,
,,,,,,,1.568,,MAX,,,,,,,,,,,,,,,,,,,,